{"count":1,"self":1944.2509823999999,"total":6735.6929181999994,"children":{"InitializeActuators":{"count":2,"self":0.000954,"total":0.000954,"children":null},"InitializeSensors":{"count":2,"self":0.00099859999999999988,"total":0.00099859999999999988,"children":null},"AgentSendState":{"count":5362067,"self":23.4895168,"total":82.1469839,"children":{"CollectObservations":{"count":311747,"self":7.566516,"total":7.5665159,"children":null},"WriteActionMask":{"count":311747,"self":0.8480919,"total":0.8480919,"children":null},"RequestDecision":{"count":311747,"self":3.6040951999999997,"total":50.2428593,"children":{"AgentInfo.ToProto":{"count":311747,"self":2.2746824,"total":46.638763999999995,"children":{"GenerateSensorData":{"count":311747,"self":44.36408,"total":44.3640815,"children":null}}}}}}},"DecideAction":{"count":5362067,"self":4700.0846335999995,"total":4700.0846225,"children":null},"AgentAct":{"count":5362067,"self":9.1993528,"total":9.1993531,"children":null},"AgentInfo.ToProto":{"count":45,"self":0.0009983,"total":0.0080155,"children":{"GenerateSensorData":{"count":45,"self":0.0070171999999999995,"total":0.0070171999999999995,"children":null}}}},"gauges":{"My Behavior.CumulativeReward":{"count":45,"max":2.51783729,"min":-1.308799,"runningAverage":1.160924,"value":2.51783729,"weightedAverage":1.248522}},"metadata":{"timer_format_version":"0.1.0","start_time_seconds":"1640378439","unity_version":"2020.3.23f1","command_line_arguments":"C:\\Program Files\\Unity\\Hub\\Editor\\2020.3.23f1\\Editor\\Unity.exe -projectpath C:\/Users\/azim1\/Downloads\/Chess-AI-main -useHub -hubIPC -cloudEnvironment production -hubSessionId 7bbf8690-640b-11ec-9ffe-5fc13d225c34 -accessToken q7EJWONtpn8E3ZQ_9zPwaTVWYJgBkRmwWwABkXnf5RQ001f","communication_protocol_version":"1.5.0","com.unity.ml-agents_version":"2.1.0-exp.1","scene_name":"Chess","end_time_seconds":"1640385175"}}